"StateFIPS","State","Year","Value","Data Comment",
"01","Alabama","2011","16.2","",
"01","Alabama","2012","16.4","",
"01","Alabama","2013","16.4","",
"01","Alabama","2014","15.9","",
"01","Alabama","2015","16.3","",
"01","Alabama","2016","16.3","",
"01","Alabama","2017","16.2","",
"01","Alabama","2018","14.4","",
"01","Alabama","2019","15.8","",
"01","Alabama","2020","13.0","",
"02","Alaska","2011","19.0","",
"02","Alaska","2012","17.2","",
"02","Alaska","2013","20.1","",
"02","Alaska","2014","15.0","",
"02","Alaska","2015","18.9","",
"02","Alaska","2016","17.6","",
"02","Alaska","2017","17.6","",
"02","Alaska","2018","16.0","",
"02","Alaska","2019","20.7","",
"02","Alaska","2020","17.9","",
"04","Arizona","2011","17.9","",
"04","Arizona","2012","15.4","",
"04","Arizona","2013","16.3","",
"04","Arizona","2014","16.2","",
"04","Arizona","2015","15.8","",
"04","Arizona","2016","16.1","",
"04","Arizona","2017","15.4","",
"04","Arizona","2018","15.8","",
"04","Arizona","2019","14.2","",
"04","Arizona","2020","13.7","",
"05","Arkansas","2011","15.4","",
"05","Arkansas","2012","17.8","",
"05","Arkansas","2013","18.4","",
"05","Arkansas","2014","16.7","",
"05","Arkansas","2015","17.0","",
"05","Arkansas","2016","17.9","",
"05","Arkansas","2017","18.3","",
"05","Arkansas","2018","17.1","",
"05","Arkansas","2019","18.9","",
"05","Arkansas","2020","16.0","",
"06","California","2011","18.7","",
"06","California","2012","18.7","",
"06","California","2013","18.6","",
"06","California","2014","19.4","",
"06","California","2015","18.6","",
"06","California","2016","18.4","",
"06","California","2017","17.9","",
"06","California","2018","17.9","",
"06","California","2019","18.1","",
"06","California","2020","16.8","",
"08","Colorado","2011","18.4","",
"08","Colorado","2012","17.9","",
"08","Colorado","2013","17.2","",
"08","Colorado","2014","16.6","",
"08","Colorado","2015","17.8","",
"08","Colorado","2016","17.3","",
"08","Colorado","2017","17.5","",
"08","Colorado","2018","16.6","",
"08","Colorado","2019","16.7","",
"08","Colorado","2020","15.4","",
"09","Connecticut","2011","21.2","",
"09","Connecticut","2012","22.2","",
"09","Connecticut","2013","20.0","",
"09","Connecticut","2014","21.1","",
"09","Connecticut","2015","22.0","",
"09","Connecticut","2016","22.0","",
"09","Connecticut","2017","21.5","",
"09","Connecticut","2018","19.7","",
"09","Connecticut","2019","20.6","",
"09","Connecticut","2020","19.7","",
"10","Delaware","2011","19.8","",
"10","Delaware","2012","20.9","",
"10","Delaware","2013","23.3","",
"10","Delaware","2014","20.8","",
"10","Delaware","2015","20.2","",
"10","Delaware","2016","20.9","",
"10","Delaware","2017","17.8","",
"10","Delaware","2018","19.2","",
"10","Delaware","2019","17.2","",
"10","Delaware","2020","17.0","",
"11","District of Columbia","2011","16.4","",
"11","District of Columbia","2012","18.2","",
"11","District of Columbia","2013","18.1","",
"11","District of Columbia","2014","16.1","",
"11","District of Columbia","2015","13.6","",
"11","District of Columbia","2016","14.7","",
"11","District of Columbia","2017","14.0","",
"11","District of Columbia","2018","15.9","",
"11","District of Columbia","2019","15.0","",
"11","District of Columbia","2020","14.3","",
"12","Florida","2011","24.9","",
"12","Florida","2012","22.0","",
"12","Florida","2013","26.2","",
"12","Florida","2014","25.0","",
"12","Florida","2015","25.7","",
"12","Florida","2016","23.3","",
"12","Florida","2017","22.0","",
"12","Florida","2018","22.9","",
"12","Florida","2019","20.9","",
"12","Florida","2020","20.7","",
"13","Georgia","2011","18.3","",
"13","Georgia","2012","18.2","",
"13","Georgia","2013","17.4","",
"13","Georgia","2014","18.3","",
"13","Georgia","2015","18.8","",
"13","Georgia","2016","19.0","",
"13","Georgia","2017","17.8","",
"13","Georgia","2018","17.8","",
"13","Georgia","2019","17.1","",
"13","Georgia","2020","16.0","",
"15","Hawaii","2011","17.9","",
"15","Hawaii","2012","18.0","",
"15","Hawaii","2013","17.7","",
"15","Hawaii","2014","18.1","",
"15","Hawaii","2015","15.1","",
"15","Hawaii","2016","14.8","",
"15","Hawaii","2017","17.1","",
"15","Hawaii","2018","15.0","",
"15","Hawaii","2019","14.7","",
"15","Hawaii","2020","13.7","",
"16","Idaho","2011","19.2","",
"16","Idaho","2012","18.0","",
"16","Idaho","2013","17.6","",
"16","Idaho","2014","20.6","",
"16","Idaho","2015","20.5","",
"16","Idaho","2016","21.1","",
"16","Idaho","2017","18.6","",
"16","Idaho","2018","18.3","",
"16","Idaho","2019","19.7","",
"16","Idaho","2020","18.7","",
"17","Illinois","2011","19.7","",
"17","Illinois","2012","19.3","",
"17","Illinois","2013","19.3","",
"17","Illinois","2014","20.0","",
"17","Illinois","2015","20.1","",
"17","Illinois","2016","19.8","",
"17","Illinois","2017","19.6","",
"17","Illinois","2018","18.8","",
"17","Illinois","2019","19.5","",
"17","Illinois","2020","17.4","",
"18","Indiana","2011","19.7","",
"18","Indiana","2012","19.3","",
"18","Indiana","2013","19.0","",
"18","Indiana","2014","18.9","",
"18","Indiana","2015","19.7","",
"18","Indiana","2017","19.4","",
"18","Indiana","2018","18.4","",
"18","Indiana","2019","17.2","",
"19","Iowa","2011","21.5","",
"19","Iowa","2012","22.5","",
"19","Iowa","2013","21.4","",
"19","Iowa","2014","21.8","",
"19","Iowa","2015","22.0","",
"19","Iowa","2016","20.4","",
"19","Iowa","2017","21.4","",
"19","Iowa","2018","21.5","",
"19","Iowa","2019","21.4","",
"19","Iowa","2020","21.4","",
"21","Kentucky","2011","19.3","",
"21","Kentucky","2012","21.4","",
"21","Kentucky","2013","21.3","",
"21","Kentucky","2014","19.9","",
"21","Kentucky","2015","19.3","",
"21","Kentucky","2016","20.8","",
"21","Kentucky","2017","20.0","",
"21","Kentucky","2018","19.9","",
"21","Kentucky","2019","19.3","",
"21","Kentucky","2020","19.2","",
"22","Louisiana","2011","20.5","",
"22","Louisiana","2012","21.0","",
"22","Louisiana","2013","19.2","",
"22","Louisiana","2014","20.4","",
"22","Louisiana","2015","19.3","",
"22","Louisiana","2016","18.5","",
"22","Louisiana","2017","19.2","",
"22","Louisiana","2018","18.4","",
"22","Louisiana","2019","19.4","",
"22","Louisiana","2020","17.4","",
"23","Maine","2011","19.9","",
"23","Maine","2012","19.9","",
"23","Maine","2013","19.9","",
"23","Maine","2014","20.6","",
"23","Maine","2015","21.4","",
"23","Maine","2016","21.1","",
"23","Maine","2017","21.2","",
"23","Maine","2018","20.2","",
"23","Maine","2019","19.2","",
"23","Maine","2020","19.5","",
"24","Maryland","2011","17.3","",
"24","Maryland","2012","16.8","",
"24","Maryland","2013","19.0","",
"24","Maryland","2014","17.4","",
"24","Maryland","2015","16.9","",
"24","Maryland","2016","18.5","",
"24","Maryland","2017","19.0","",
"24","Maryland","2018","17.9","",
"24","Maryland","2019","18.1","",
"24","Maryland","2020","16.5","",
"25","Massachusetts","2011","18.8","",
"25","Massachusetts","2012","20.2","",
"25","Massachusetts","2013","20.1","",
"25","Massachusetts","2014","19.7","",
"25","Massachusetts","2015","19.5","",
"25","Massachusetts","2016","19.4","",
"25","Massachusetts","2017","19.3","",
"25","Massachusetts","2018","19.5","",
"25","Massachusetts","2019","20.1","",
"25","Massachusetts","2020","18.2","",
"26","Michigan","2011","20.1","",
"26","Michigan","2012","20.7","",
"26","Michigan","2013","20.5","",
"26","Michigan","2014","19.3","",
"26","Michigan","2015","21.1","",
"26","Michigan","2016","20.8","",
"26","Michigan","2017","19.5","",
"26","Michigan","2018","20.0","",
"26","Michigan","2019","19.4","",
"26","Michigan","2020","16.6","",
"27","Minnesota","2011","23.5","",
"27","Minnesota","2012","22.4","",
"27","Minnesota","2013","21.2","",
"27","Minnesota","2014","21.4","",
"27","Minnesota","2015","21.8","",
"27","Minnesota","2016","21.5","",
"27","Minnesota","2017","21.8","",
"27","Minnesota","2018","22.4","",
"27","Minnesota","2019","23.9","",
"27","Minnesota","2020","20.6","",
"28","Mississippi","2011","16.9","",
"28","Mississippi","2012","17.7","",
"28","Mississippi","2013","16.8","",
"28","Mississippi","2014","17.7","",
"28","Mississippi","2015","16.7","",
"28","Mississippi","2016","16.9","",
"28","Mississippi","2017","16.8","",
"28","Mississippi","2018","17.2","",
"28","Mississippi","2019","17.5","",
"28","Mississippi","2020","13.6","",
"29","Missouri","2011","18.3","",
"29","Missouri","2012","18.8","",
"29","Missouri","2013","18.6","",
"29","Missouri","2014","18.5","",
"29","Missouri","2015","18.8","",
"29","Missouri","2016","19.0","",
"29","Missouri","2017","18.5","",
"29","Missouri","2018","18.1","",
"29","Missouri","2019","18.2","",
"29","Missouri","2020","17.9","",
"30","Montana","2011","19.9","",
"30","Montana","2012","20.0","",
"30","Montana","2013","20.7","",
"30","Montana","2014","19.5","",
"30","Montana","2015","17.6","",
"30","Montana","2016","18.5","",
"30","Montana","2017","19.4","",
"30","Montana","2018","18.0","",
"30","Montana","2019","16.4","",
"30","Montana","2020","17.9","",
"31","Nebraska","2011","21.8","",
"31","Nebraska","2012","19.7","",
"31","Nebraska","2013","21.9","",
"31","Nebraska","2014","18.9","",
"31","Nebraska","2015","20.5","",
"31","Nebraska","2016","19.4","",
"31","Nebraska","2017","22.5","",
"31","Nebraska","2018","19.7","",
"31","Nebraska","2019","20.0","",
"31","Nebraska","2020","16.1","",
"32","Nevada","2011","17.1","",
"32","Nevada","2012","16.1","",
"32","Nevada","2013","16.1","",
"32","Nevada","2014","14.7","",
"32","Nevada","2015","14.9","",
"32","Nevada","2016","16.0","",
"32","Nevada","2017","16.8","",
"32","Nevada","2018","14.0","",
"32","Nevada","2019","13.3","",
"33","New Hampshire","2011","21.6","",
"33","New Hampshire","2012","21.7","",
"33","New Hampshire","2013","21.0","",
"33","New Hampshire","2014","19.5","",
"33","New Hampshire","2015","20.3","",
"33","New Hampshire","2016","24.2","",
"33","New Hampshire","2017","20.6","",
"33","New Hampshire","2018","19.9","",
"33","New Hampshire","2019","22.4","",
"33","New Hampshire","2020","18.5","",
"34","New Jersey","2011","21.7","",
"34","New Jersey","2012","21.5","",
"34","New Jersey","2013","21.5","",
"34","New Jersey","2014","21.5","",
"34","New Jersey","2015","22.6","",
"34","New Jersey","2016","22.2","",
"34","New Jersey","2017","21.8","",
"34","New Jersey","2018","22.5","",
"34","New Jersey","2019","21.5","",
"34","New Jersey","2020","19.2","",
"35","New Mexico","2011","13.8","",
"35","New Mexico","2012","17.5","",
"35","New Mexico","2013","14.9","",
"35","New Mexico","2014","17.6","",
"35","New Mexico","2015","15.0","",
"35","New Mexico","2016","15.1","",
"35","New Mexico","2017","14.5","",
"35","New Mexico","2018","14.9","",
"35","New Mexico","2019","15.0","",
"35","New Mexico","2020","12.8","",
"36","New York","2011","22.0","",
"36","New York","2012","21.5","",
"36","New York","2013","21.9","",
"36","New York","2014","22.0","",
"36","New York","2015","21.8","",
"36","New York","2016","22.0","",
"36","New York","2017","21.7","",
"36","New York","2018","21.2","",
"36","New York","2019","21.6","",
"36","New York","2020","19.2","",
"37","North Carolina","2011","17.7","",
"37","North Carolina","2012","17.7","",
"37","North Carolina","2013","18.1","",
"37","North Carolina","2014","17.5","",
"37","North Carolina","2015","18.5","",
"37","North Carolina","2016","18.1","",
"37","North Carolina","2017","17.6","",
"37","North Carolina","2018","17.8","",
"37","North Carolina","2019","18.1","",
"37","North Carolina","2020","17.1","",
"38","North Dakota","2011","21.1","",
"38","North Dakota","2012","18.9","",
"38","North Dakota","2013","19.1","",
"38","North Dakota","2014","19.5","",
"38","North Dakota","2015","18.0","",
"38","North Dakota","2016","16.3","",
"38","North Dakota","2017","21.3","",
"38","North Dakota","2018","17.9","",
"38","North Dakota","2019","18.8","",
"38","North Dakota","2020","19.5","",
"39","Ohio","2011","18.8","",
"39","Ohio","2012","18.8","",
"39","Ohio","2013","19.1","",
"39","Ohio","2014","19.1","",
"39","Ohio","2015","19.8","",
"39","Ohio","2016","19.1","",
"39","Ohio","2017","19.4","",
"39","Ohio","2018","19.4","",
"39","Ohio","2019","19.8","",
"39","Ohio","2020","18.2","",
"40","Oklahoma","2011","18.2","",
"40","Oklahoma","2012","17.9","",
"40","Oklahoma","2013","17.9","",
"40","Oklahoma","2014","19.4","",
"40","Oklahoma","2015","18.2","",
"40","Oklahoma","2016","17.4","",
"40","Oklahoma","2017","17.6","",
"40","Oklahoma","2018","16.5","",
"40","Oklahoma","2019","17.5","",
"40","Oklahoma","2020","15.9","",
"41","Oregon","2011","19.3","",
"41","Oregon","2012","18.6","",
"41","Oregon","2013","20.0","",
"41","Oregon","2014","20.4","",
"41","Oregon","2015","18.6","",
"41","Oregon","2016","19.6","",
"41","Oregon","2017","18.7","",
"41","Oregon","2018","18.3","",
"41","Oregon","2019","18.1","",
"41","Oregon","2020","16.7","",
"42","Pennsylvania","2011","21.9","",
"42","Pennsylvania","2012","21.8","",
"42","Pennsylvania","2013","21.2","",
"42","Pennsylvania","2014","21.9","",
"42","Pennsylvania","2015","21.3","",
"42","Pennsylvania","2016","21.0","",
"42","Pennsylvania","2017","20.4","",
"42","Pennsylvania","2018","20.7","",
"42","Pennsylvania","2019","19.8","",
"42","Pennsylvania","2020","18.2","",
"44","Rhode Island","2011","22.9","",
"44","Rhode Island","2012","22.1","",
"44","Rhode Island","2013","22.6","",
"44","Rhode Island","2014","23.4","",
"44","Rhode Island","2015","21.5","",
"44","Rhode Island","2016","19.5","",
"44","Rhode Island","2017","17.3","",
"44","Rhode Island","2018","19.1","",
"44","Rhode Island","2019","20.5","",
"44","Rhode Island","2020","17.8","",
"45","South Carolina","2011","16.9","",
"45","South Carolina","2012","16.7","",
"45","South Carolina","2013","16.7","",
"45","South Carolina","2014","17.9","",
"45","South Carolina","2015","17.1","",
"45","South Carolina","2016","16.9","",
"45","South Carolina","2017","16.4","",
"45","South Carolina","2018","16.4","",
"45","South Carolina","2019","14.6","",
"45","South Carolina","2020","14.3","",
"46","South Dakota","2011","21.0","",
"46","South Dakota","2012","21.6","",
"46","South Dakota","2013","18.8","",
"46","South Dakota","2014","20.6","",
"46","South Dakota","2015","16.9","",
"46","South Dakota","2016","21.2","",
"46","South Dakota","2017","20.0","",
"46","South Dakota","2018","19.6","",
"46","South Dakota","2019","18.7","",
"46","South Dakota","2020","17.6","",
"47","Tennessee","2011","18.4","",
"47","Tennessee","2012","18.5","",
"47","Tennessee","2013","17.6","",
"47","Tennessee","2014","17.9","",
"47","Tennessee","2015","17.9","",
"47","Tennessee","2016","17.6","",
"47","Tennessee","2017","18.3","",
"47","Tennessee","2018","17.7","",
"47","Tennessee","2019","17.6","",
"47","Tennessee","2020","16.4","",
"48","Texas","2011","18.3","",
"48","Texas","2012","18.5","",
"48","Texas","2013","18.1","",
"48","Texas","2014","17.8","",
"48","Texas","2015","17.4","",
"48","Texas","2016","17.6","",
"48","Texas","2017","17.6","",
"48","Texas","2018","17.9","",
"48","Texas","2019","17.7","",
"48","Texas","2020","16.5","",
"49","Utah","2011","17.5","",
"49","Utah","2012","18.0","",
"49","Utah","2013","19.3","",
"49","Utah","2014","19.2","",
"49","Utah","2015","19.1","",
"49","Utah","2016","17.5","",
"49","Utah","2017","18.8","",
"49","Utah","2018","17.8","",
"49","Utah","2019","18.4","",
"49","Utah","2020","18.2","",
"50","Vermont","2011","22.6","",
"50","Vermont","2012","22.1","",
"50","Vermont","2013","23.5","",
"50","Vermont","2014","22.4","",
"50","Vermont","2015","22.0","",
"50","Vermont","2016","18.0","",
"50","Vermont","2017","17.6","",
"50","Vermont","2018","17.6","",
"50","Vermont","2019","21.4","",
"50","Vermont","2020","19.6","",
"51","Virginia","2011","17.8","",
"51","Virginia","2012","16.5","",
"51","Virginia","2013","17.8","",
"51","Virginia","2014","16.9","",
"51","Virginia","2015","17.2","",
"51","Virginia","2016","17.3","",
"51","Virginia","2017","17.0","",
"51","Virginia","2018","16.9","",
"51","Virginia","2019","16.8","",
"51","Virginia","2020","16.2","",
"53","Washington","2011","20.9","",
"53","Washington","2012","21.1","",
"53","Washington","2013","20.7","",
"53","Washington","2014","20.5","",
"53","Washington","2015","19.9","",
"53","Washington","2016","19.4","",
"53","Washington","2017","19.7","",
"53","Washington","2018","19.9","",
"53","Washington","2019","19.6","",
"53","Washington","2020","17.5","",
"54","West Virginia","2011","19.4","",
"54","West Virginia","2012","19.4","",
"54","West Virginia","2013","19.7","",
"54","West Virginia","2014","18.1","",
"54","West Virginia","2015","19.8","",
"54","West Virginia","2016","20.4","",
"54","West Virginia","2017","19.6","",
"54","West Virginia","2018","19.8","",
"54","West Virginia","2019","20.6","",
"54","West Virginia","2020","17.6","",
"55","Wisconsin","2011","21.9","",
"55","Wisconsin","2012","21.5","",
"55","Wisconsin","2013","20.7","",
"55","Wisconsin","2014","21.6","",
"55","Wisconsin","2015","21.5","",
"55","Wisconsin","2016","21.4","",
"55","Wisconsin","2017","20.8","",
"55","Wisconsin","2018","21.2","",
"55","Wisconsin","2019","21.6","",
"55","Wisconsin","2020","18.9","",
"56","Wyoming","2011","17.2","",
"56","Wyoming","2012","14.0","",
"56","Wyoming","2013","18.2","",
"56","Wyoming","2014","17.1","",
"56","Wyoming","2015","18.0","",
"56","Wyoming","2016","16.1","",
"56","Wyoming","2017","14.8","",
"56","Wyoming","2018","17.2","",
"56","Wyoming","2019","18.1","",
"56","Wyoming","2020","13.6","",
"72","Puerto Rico","2011","No Data","Unstable",
"72","Puerto Rico","2012","No Data","Unstable",
"72","Puerto Rico","2013","No Data","Unstable",
"72","Puerto Rico","2014","No Data","Unstable",
"72","Puerto Rico","2015","No Data","Unstable",
"72","Puerto Rico","2016","No Data","Unstable",
"72","Puerto Rico","2017","No Data","Unstable",
"72","Puerto Rico","2018","No Data","Unstable",
"72","Puerto Rico","2019","No Data","Unstable",
"72","Puerto Rico","2020","No Data","Unstable",
