"StateFIPS","State","Year","Value","Data Comment",,"Sex"
"01","Alabama","2011","5.4","",,"Male"
"01","Alabama","2011","3.0","",,"Female"
"01","Alabama","2012","5.1","",,"Male"
"01","Alabama","2012","3.3","",,"Female"
"01","Alabama","2013","4.4","",,"Male"
"01","Alabama","2013","3.0","",,"Female"
"01","Alabama","2014","5.2","",,"Male"
"01","Alabama","2014","3.3","",,"Female"
"01","Alabama","2015","4.7","",,"Male"
"01","Alabama","2015","3.1","",,"Female"
"01","Alabama","2016","4.1","",,"Male"
"01","Alabama","2016","3.3","",,"Female"
"01","Alabama","2017","4.2","",,"Male"
"01","Alabama","2017","3.3","",,"Female"
"01","Alabama","2018","4.3","",,"Male"
"01","Alabama","2018","3.2","",,"Female"
"01","Alabama","2019","4.3","",,"Male"
"01","Alabama","2019","2.7","",,"Female"
"01","Alabama","2020","4.3","",,"Male"
"01","Alabama","2020","3.1","",,"Female"
"02","Alaska","2011","7.7","",,"Male"
"02","Alaska","2011","Suppressed","Unstable",,"Female"
"02","Alaska","2012","Suppressed","Unstable",,"Male"
"02","Alaska","2012","Suppressed","Unstable",,"Female"
"02","Alaska","2013","Suppressed","Unstable",,"Male"
"02","Alaska","2013","Suppressed","Unstable",,"Female"
"02","Alaska","2014","Suppressed","",,"Male"
"02","Alaska","2014","Suppressed","",,"Female"
"02","Alaska","2015","Suppressed","",,"Male"
"02","Alaska","2015","Suppressed","Unstable",,"Female"
"02","Alaska","2016","5.3","",,"Male"
"02","Alaska","2016","Suppressed","Unstable",,"Female"
"02","Alaska","2017","6.6","",,"Male"
"02","Alaska","2017","Suppressed","Unstable",,"Female"
"02","Alaska","2018","Suppressed","",,"Male"
"02","Alaska","2018","Suppressed","",,"Female"
"02","Alaska","2019","Suppressed","Unstable",,"Male"
"02","Alaska","2019","Suppressed","Unstable",,"Female"
"02","Alaska","2020","Suppressed","",,"Male"
"02","Alaska","2020","Suppressed","Unstable",,"Female"
"04","Arizona","2011","4.8","",,"Male"
"04","Arizona","2011","3.8","",,"Female"
"04","Arizona","2012","5.3","",,"Male"
"04","Arizona","2012","4.1","",,"Female"
"04","Arizona","2013","5.1","",,"Male"
"04","Arizona","2013","2.9","",,"Female"
"04","Arizona","2014","4.5","",,"Male"
"04","Arizona","2014","2.8","",,"Female"
"04","Arizona","2015","4.5","",,"Male"
"04","Arizona","2015","3.4","",,"Female"
"04","Arizona","2016","4.4","",,"Male"
"04","Arizona","2016","2.8","",,"Female"
"04","Arizona","2017","4.3","",,"Male"
"04","Arizona","2017","3.0","",,"Female"
"04","Arizona","2018","4.9","",,"Male"
"04","Arizona","2018","2.6","",,"Female"
"04","Arizona","2019","4.7","",,"Male"
"04","Arizona","2019","3.3","",,"Female"
"04","Arizona","2020","4.3","",,"Male"
"04","Arizona","2020","3.0","",,"Female"
"05","Arkansas","2011","3.7","",,"Male"
"05","Arkansas","2011","3.4","",,"Female"
"05","Arkansas","2012","4.9","",,"Male"
"05","Arkansas","2012","4.1","",,"Female"
"05","Arkansas","2013","4.9","",,"Male"
"05","Arkansas","2013","2.9","",,"Female"
"05","Arkansas","2014","4.6","",,"Male"
"05","Arkansas","2014","3.2","",,"Female"
"05","Arkansas","2015","5.2","",,"Male"
"05","Arkansas","2015","3.7","",,"Female"
"05","Arkansas","2016","4.8","",,"Male"
"05","Arkansas","2016","3.7","",,"Female"
"05","Arkansas","2017","4.7","",,"Male"
"05","Arkansas","2017","3.9","",,"Female"
"05","Arkansas","2018","4.0","",,"Male"
"05","Arkansas","2018","4.1","",,"Female"
"05","Arkansas","2019","5.2","",,"Male"
"05","Arkansas","2019","3.3","",,"Female"
"05","Arkansas","2020","3.9","",,"Male"
"05","Arkansas","2020","3.0","",,"Female"
"06","California","2011","4.8","",,"Male"
"06","California","2011","3.4","",,"Female"
"06","California","2012","5.0","",,"Male"
"06","California","2012","3.4","",,"Female"
"06","California","2013","5.0","",,"Male"
"06","California","2013","3.4","",,"Female"
"06","California","2014","5.0","",,"Male"
"06","California","2014","3.4","",,"Female"
"06","California","2015","4.8","",,"Male"
"06","California","2015","3.2","",,"Female"
"06","California","2016","4.8","",,"Male"
"06","California","2016","3.2","",,"Female"
"06","California","2017","4.6","",,"Male"
"06","California","2017","3.2","",,"Female"
"06","California","2018","4.7","",,"Male"
"06","California","2018","3.4","",,"Female"
"06","California","2019","5.1","",,"Male"
"06","California","2019","3.4","",,"Female"
"06","California","2020","4.3","",,"Male"
"06","California","2020","3.3","",,"Female"
"08","Colorado","2011","4.6","",,"Male"
"08","Colorado","2011","3.1","",,"Female"
"08","Colorado","2012","4.8","",,"Male"
"08","Colorado","2012","3.1","",,"Female"
"08","Colorado","2013","4.7","",,"Male"
"08","Colorado","2013","3.5","",,"Female"
"08","Colorado","2014","5.2","",,"Male"
"08","Colorado","2014","3.4","",,"Female"
"08","Colorado","2015","4.5","",,"Male"
"08","Colorado","2015","3.8","",,"Female"
"08","Colorado","2016","5.2","",,"Male"
"08","Colorado","2016","3.6","",,"Female"
"08","Colorado","2017","4.8","",,"Male"
"08","Colorado","2017","3.5","",,"Female"
"08","Colorado","2018","4.7","",,"Male"
"08","Colorado","2018","3.0","",,"Female"
"08","Colorado","2019","5.1","",,"Male"
"08","Colorado","2019","3.3","",,"Female"
"08","Colorado","2020","3.7","",,"Male"
"08","Colorado","2020","3.1","",,"Female"
"09","Connecticut","2011","6.3","",,"Male"
"09","Connecticut","2011","3.7","",,"Female"
"09","Connecticut","2012","6.0","",,"Male"
"09","Connecticut","2012","3.8","",,"Female"
"09","Connecticut","2013","5.4","",,"Male"
"09","Connecticut","2013","3.8","",,"Female"
"09","Connecticut","2014","4.8","",,"Male"
"09","Connecticut","2014","3.3","",,"Female"
"09","Connecticut","2015","4.7","",,"Male"
"09","Connecticut","2015","3.3","",,"Female"
"09","Connecticut","2016","4.5","",,"Male"
"09","Connecticut","2016","3.5","",,"Female"
"09","Connecticut","2017","5.0","",,"Male"
"09","Connecticut","2017","3.6","",,"Female"
"09","Connecticut","2018","5.6","",,"Male"
"09","Connecticut","2018","3.7","",,"Female"
"09","Connecticut","2019","4.7","",,"Male"
"09","Connecticut","2019","3.7","",,"Female"
"09","Connecticut","2020","5.3","",,"Male"
"09","Connecticut","2020","3.1","",,"Female"
"10","Delaware","2011","4.9","",,"Male"
"10","Delaware","2011","3.8","",,"Female"
"10","Delaware","2012","4.8","",,"Male"
"10","Delaware","2012","4.0","",,"Female"
"10","Delaware","2013","4.5","",,"Male"
"10","Delaware","2013","2.7","",,"Female"
"10","Delaware","2014","5.0","",,"Male"
"10","Delaware","2014","3.9","",,"Female"
"10","Delaware","2015","6.7","",,"Male"
"10","Delaware","2015","3.1","",,"Female"
"10","Delaware","2016","6.1","",,"Male"
"10","Delaware","2016","2.4","",,"Female"
"10","Delaware","2017","4.3","",,"Male"
"10","Delaware","2017","4.6","",,"Female"
"10","Delaware","2018","4.6","",,"Male"
"10","Delaware","2018","2.8","",,"Female"
"10","Delaware","2019","7.1","",,"Male"
"10","Delaware","2019","4.3","",,"Female"
"10","Delaware","2020","5.4","",,"Male"
"10","Delaware","2020","3.3","",,"Female"
"11","District of Columbia","2011","Suppressed","Unstable",,"Male"
"11","District of Columbia","2011","Suppressed","Unstable",,"Female"
"11","District of Columbia","2012","Suppressed","Unstable",,"Male"
"11","District of Columbia","2012","Suppressed","",,"Female"
"11","District of Columbia","2013","Suppressed","Unstable",,"Male"
"11","District of Columbia","2013","Suppressed","Unstable",,"Female"
"11","District of Columbia","2014","Suppressed","Unstable",,"Male"
"11","District of Columbia","2014","Suppressed","Unstable",,"Female"
"11","District of Columbia","2015","Suppressed","Unstable",,"Male"
"11","District of Columbia","2015","Suppressed","Unstable",,"Female"
"11","District of Columbia","2016","Suppressed","Unstable",,"Male"
"11","District of Columbia","2016","Suppressed","Unstable",,"Female"
"11","District of Columbia","2017","Suppressed","Unstable",,"Male"
"11","District of Columbia","2017","Suppressed","",,"Female"
"11","District of Columbia","2018","Suppressed","Unstable",,"Male"
"11","District of Columbia","2018","Suppressed","Unstable",,"Female"
"11","District of Columbia","2019","Suppressed","",,"Male"
"11","District of Columbia","2019","Suppressed","Unstable",,"Female"
"11","District of Columbia","2020","Suppressed","Unstable",,"Male"
"11","District of Columbia","2020","Suppressed","Unstable",,"Female"
"12","Florida","2011","5.4","",,"Male"
"12","Florida","2011","3.5","",,"Female"
"12","Florida","2012","5.7","",,"Male"
"12","Florida","2012","4.0","",,"Female"
"12","Florida","2013","6.0","",,"Male"
"12","Florida","2013","3.9","",,"Female"
"12","Florida","2014","6.3","",,"Male"
"12","Florida","2014","4.2","",,"Female"
"12","Florida","2015","5.9","",,"Male"
"12","Florida","2015","3.9","",,"Female"
"12","Florida","2016","6.2","",,"Male"
"12","Florida","2016","4.4","",,"Female"
"12","Florida","2017","5.5","",,"Male"
"12","Florida","2017","4.2","",,"Female"
"12","Florida","2018","5.9","",,"Male"
"12","Florida","2018","4.3","",,"Female"
"12","Florida","2019","6.0","",,"Male"
"12","Florida","2019","4.0","",,"Female"
"12","Florida","2020","5.7","",,"Male"
"12","Florida","2020","4.1","",,"Female"
"13","Georgia","2011","4.7","",,"Male"
"13","Georgia","2011","3.9","",,"Female"
"13","Georgia","2012","5.3","",,"Male"
"13","Georgia","2012","3.6","",,"Female"
"13","Georgia","2013","5.3","",,"Male"
"13","Georgia","2013","3.6","",,"Female"
"13","Georgia","2014","5.5","",,"Male"
"13","Georgia","2014","3.5","",,"Female"
"13","Georgia","2015","5.6","",,"Male"
"13","Georgia","2015","3.9","",,"Female"
"13","Georgia","2016","5.1","",,"Male"
"13","Georgia","2016","3.5","",,"Female"
"13","Georgia","2017","4.8","",,"Male"
"13","Georgia","2017","3.7","",,"Female"
"13","Georgia","2018","4.4","",,"Male"
"13","Georgia","2018","3.4","",,"Female"
"13","Georgia","2019","5.4","",,"Male"
"13","Georgia","2019","3.8","",,"Female"
"13","Georgia","2020","5.5","",,"Male"
"13","Georgia","2020","3.6","",,"Female"
"15","Hawaii","2011","6.0","",,"Male"
"15","Hawaii","2011","4.1","",,"Female"
"15","Hawaii","2012","5.1","",,"Male"
"15","Hawaii","2012","4.2","",,"Female"
"15","Hawaii","2013","4.8","",,"Male"
"15","Hawaii","2013","3.5","",,"Female"
"15","Hawaii","2014","6.1","",,"Male"
"15","Hawaii","2014","3.8","",,"Female"
"15","Hawaii","2015","4.9","",,"Male"
"15","Hawaii","2015","2.6","",,"Female"
"15","Hawaii","2016","4.7","",,"Male"
"15","Hawaii","2016","3.3","",,"Female"
"15","Hawaii","2017","5.4","",,"Male"
"15","Hawaii","2017","3.4","",,"Female"
"15","Hawaii","2018","4.8","",,"Male"
"15","Hawaii","2018","2.5","",,"Female"
"15","Hawaii","2019","5.1","",,"Male"
"15","Hawaii","2019","3.5","",,"Female"
"15","Hawaii","2020","5.1","",,"Male"
"15","Hawaii","2020","3.9","",,"Female"
"16","Idaho","2011","4.4","",,"Male"
"16","Idaho","2011","3.2","",,"Female"
"16","Idaho","2012","4.0","",,"Male"
"16","Idaho","2012","3.6","",,"Female"
"16","Idaho","2013","4.9","",,"Male"
"16","Idaho","2013","4.2","",,"Female"
"16","Idaho","2014","4.7","",,"Male"
"16","Idaho","2014","3.6","",,"Female"
"16","Idaho","2015","5.3","",,"Male"
"16","Idaho","2015","2.8","",,"Female"
"16","Idaho","2016","5.8","",,"Male"
"16","Idaho","2016","2.9","",,"Female"
"16","Idaho","2017","7.0","",,"Male"
"16","Idaho","2017","4.7","",,"Female"
"16","Idaho","2018","5.9","",,"Male"
"16","Idaho","2018","4.4","",,"Female"
"16","Idaho","2019","4.8","",,"Male"
"16","Idaho","2019","3.2","",,"Female"
"16","Idaho","2020","6.2","",,"Male"
"16","Idaho","2020","3.7","",,"Female"
"17","Illinois","2011","5.1","",,"Male"
"17","Illinois","2011","4.2","",,"Female"
"17","Illinois","2012","6.0","",,"Male"
"17","Illinois","2012","3.8","",,"Female"
"17","Illinois","2013","6.1","",,"Male"
"17","Illinois","2013","4.0","",,"Female"
"17","Illinois","2014","5.5","",,"Male"
"17","Illinois","2014","3.9","",,"Female"
"17","Illinois","2015","5.9","",,"Male"
"17","Illinois","2015","3.5","",,"Female"
"17","Illinois","2016","5.1","",,"Male"
"17","Illinois","2016","3.8","",,"Female"
"17","Illinois","2017","5.6","",,"Male"
"17","Illinois","2017","3.9","",,"Female"
"17","Illinois","2018","5.7","",,"Male"
"17","Illinois","2018","3.4","",,"Female"
"17","Illinois","2019","5.4","",,"Male"
"17","Illinois","2019","3.4","",,"Female"
"17","Illinois","2020","5.4","",,"Male"
"17","Illinois","2020","3.9","",,"Female"
"18","Indiana","2011","6.4","",,"Male"
"18","Indiana","2011","4.1","",,"Female"
"18","Indiana","2012","5.8","",,"Male"
"18","Indiana","2012","4.0","",,"Female"
"18","Indiana","2013","5.4","",,"Male"
"18","Indiana","2013","4.2","",,"Female"
"18","Indiana","2014","6.7","",,"Male"
"18","Indiana","2014","4.1","",,"Female"
"18","Indiana","2015","6.1","",,"Male"
"18","Indiana","2015","4.0","",,"Female"
"18","Indiana","2017","5.5","",,"Male"
"18","Indiana","2017","3.9","",,"Female"
"18","Indiana","2018","5.4","",,"Male"
"18","Indiana","2018","3.6","",,"Female"
"18","Indiana","2019","4.9","",,"Male"
"18","Indiana","2019","3.0","",,"Female"
"19","Iowa","2011","5.1","",,"Male"
"19","Iowa","2011","3.7","",,"Female"
"19","Iowa","2012","6.1","",,"Male"
"19","Iowa","2012","3.8","",,"Female"
"19","Iowa","2013","6.7","",,"Male"
"19","Iowa","2013","4.3","",,"Female"
"19","Iowa","2014","6.2","",,"Male"
"19","Iowa","2014","3.4","",,"Female"
"19","Iowa","2015","6.5","",,"Male"
"19","Iowa","2015","4.2","",,"Female"
"19","Iowa","2016","7.4","",,"Male"
"19","Iowa","2016","5.1","",,"Female"
"19","Iowa","2017","6.2","",,"Male"
"19","Iowa","2017","3.8","",,"Female"
"19","Iowa","2018","5.8","",,"Male"
"19","Iowa","2018","4.2","",,"Female"
"19","Iowa","2019","6.2","",,"Male"
"19","Iowa","2019","3.8","",,"Female"
"19","Iowa","2020","5.3","",,"Male"
"19","Iowa","2020","3.6","",,"Female"
"21","Kentucky","2011","7.0","",,"Male"
"21","Kentucky","2011","4.2","",,"Female"
"21","Kentucky","2012","6.2","",,"Male"
"21","Kentucky","2012","4.3","",,"Female"
"21","Kentucky","2013","5.3","",,"Male"
"21","Kentucky","2013","4.3","",,"Female"
"21","Kentucky","2014","6.0","",,"Male"
"21","Kentucky","2014","4.0","",,"Female"
"21","Kentucky","2015","5.5","",,"Male"
"21","Kentucky","2015","4.1","",,"Female"
"21","Kentucky","2016","5.8","",,"Male"
"21","Kentucky","2016","3.5","",,"Female"
"21","Kentucky","2017","5.4","",,"Male"
"21","Kentucky","2017","3.9","",,"Female"
"21","Kentucky","2018","4.9","",,"Male"
"21","Kentucky","2018","3.8","",,"Female"
"21","Kentucky","2019","6.1","",,"Male"
"21","Kentucky","2019","5.2","",,"Female"
"21","Kentucky","2020","6.0","",,"Male"
"21","Kentucky","2020","3.6","",,"Female"
"22","Louisiana","2011","5.0","",,"Male"
"22","Louisiana","2011","3.6","",,"Female"
"22","Louisiana","2012","5.3","",,"Male"
"22","Louisiana","2012","3.8","",,"Female"
"22","Louisiana","2013","5.3","",,"Male"
"22","Louisiana","2013","3.3","",,"Female"
"22","Louisiana","2014","5.0","",,"Male"
"22","Louisiana","2014","3.8","",,"Female"
"22","Louisiana","2015","5.0","",,"Male"
"22","Louisiana","2015","3.6","",,"Female"
"22","Louisiana","2016","5.8","",,"Male"
"22","Louisiana","2016","3.9","",,"Female"
"22","Louisiana","2017","4.5","",,"Male"
"22","Louisiana","2017","3.0","",,"Female"
"22","Louisiana","2018","5.1","",,"Male"
"22","Louisiana","2018","3.3","",,"Female"
"22","Louisiana","2019","5.1","",,"Male"
"22","Louisiana","2019","4.2","",,"Female"
"22","Louisiana","2020","5.5","",,"Male"
"22","Louisiana","2020","3.4","",,"Female"
"23","Maine","2011","5.6","",,"Male"
"23","Maine","2011","5.2","",,"Female"
"23","Maine","2012","5.1","",,"Male"
"23","Maine","2012","3.9","",,"Female"
"23","Maine","2013","4.5","",,"Male"
"23","Maine","2013","3.4","",,"Female"
"23","Maine","2014","4.6","",,"Male"
"23","Maine","2014","3.8","",,"Female"
"23","Maine","2015","4.3","",,"Male"
"23","Maine","2015","3.2","",,"Female"
"23","Maine","2016","6.2","",,"Male"
"23","Maine","2016","2.0","",,"Female"
"23","Maine","2017","5.3","",,"Male"
"23","Maine","2017","3.4","",,"Female"
"23","Maine","2018","5.9","",,"Male"
"23","Maine","2018","3.9","",,"Female"
"23","Maine","2019","5.7","",,"Male"
"23","Maine","2019","4.5","",,"Female"
"23","Maine","2020","7.2","",,"Male"
"23","Maine","2020","2.9","",,"Female"
"24","Maryland","2011","4.7","",,"Male"
"24","Maryland","2011","3.9","",,"Female"
"24","Maryland","2012","5.4","",,"Male"
"24","Maryland","2012","3.5","",,"Female"
"24","Maryland","2013","6.1","",,"Male"
"24","Maryland","2013","3.7","",,"Female"
"24","Maryland","2014","5.0","",,"Male"
"24","Maryland","2014","3.1","",,"Female"
"24","Maryland","2015","4.2","",,"Male"
"24","Maryland","2015","3.6","",,"Female"
"24","Maryland","2016","5.4","",,"Male"
"24","Maryland","2016","3.6","",,"Female"
"24","Maryland","2017","4.2","",,"Male"
"24","Maryland","2017","2.9","",,"Female"
"24","Maryland","2018","5.4","",,"Male"
"24","Maryland","2018","2.9","",,"Female"
"24","Maryland","2019","4.9","",,"Male"
"24","Maryland","2019","3.4","",,"Female"
"24","Maryland","2020","3.9","",,"Male"
"24","Maryland","2020","3.4","",,"Female"
"25","Massachusetts","2011","5.2","",,"Male"
"25","Massachusetts","2011","3.3","",,"Female"
"25","Massachusetts","2012","5.0","",,"Male"
"25","Massachusetts","2012","3.5","",,"Female"
"25","Massachusetts","2013","5.0","",,"Male"
"25","Massachusetts","2013","3.8","",,"Female"
"25","Massachusetts","2014","5.1","",,"Male"
"25","Massachusetts","2014","3.0","",,"Female"
"25","Massachusetts","2015","5.1","",,"Male"
"25","Massachusetts","2015","3.5","",,"Female"
"25","Massachusetts","2016","4.9","",,"Male"
"25","Massachusetts","2016","3.5","",,"Female"
"25","Massachusetts","2017","5.0","",,"Male"
"25","Massachusetts","2017","3.3","",,"Female"
"25","Massachusetts","2018","5.1","",,"Male"
"25","Massachusetts","2018","3.1","",,"Female"
"25","Massachusetts","2019","5.7","",,"Male"
"25","Massachusetts","2019","3.3","",,"Female"
"25","Massachusetts","2020","5.3","",,"Male"
"25","Massachusetts","2020","3.1","",,"Female"
"26","Michigan","2011","5.1","",,"Male"
"26","Michigan","2011","3.5","",,"Female"
"26","Michigan","2012","5.3","",,"Male"
"26","Michigan","2012","3.7","",,"Female"
"26","Michigan","2013","5.3","",,"Male"
"26","Michigan","2013","3.4","",,"Female"
"26","Michigan","2014","5.9","",,"Male"
"26","Michigan","2014","4.4","",,"Female"
"26","Michigan","2015","5.9","",,"Male"
"26","Michigan","2015","3.9","",,"Female"
"26","Michigan","2016","5.9","",,"Male"
"26","Michigan","2016","3.7","",,"Female"
"26","Michigan","2017","5.6","",,"Male"
"26","Michigan","2017","3.6","",,"Female"
"26","Michigan","2018","5.7","",,"Male"
"26","Michigan","2018","3.5","",,"Female"
"26","Michigan","2019","5.7","",,"Male"
"26","Michigan","2019","4.3","",,"Female"
"26","Michigan","2020","5.5","",,"Male"
"26","Michigan","2020","3.4","",,"Female"
"27","Minnesota","2011","5.4","",,"Male"
"27","Minnesota","2011","4.0","",,"Female"
"27","Minnesota","2012","6.6","",,"Male"
"27","Minnesota","2012","3.3","",,"Female"
"27","Minnesota","2013","5.9","",,"Male"
"27","Minnesota","2013","4.2","",,"Female"
"27","Minnesota","2014","5.4","",,"Male"
"27","Minnesota","2014","3.8","",,"Female"
"27","Minnesota","2015","7.2","",,"Male"
"27","Minnesota","2015","3.7","",,"Female"
"27","Minnesota","2016","6.1","",,"Male"
"27","Minnesota","2016","4.4","",,"Female"
"27","Minnesota","2017","6.4","",,"Male"
"27","Minnesota","2017","4.5","",,"Female"
"27","Minnesota","2018","5.9","",,"Male"
"27","Minnesota","2018","4.3","",,"Female"
"27","Minnesota","2019","6.2","",,"Male"
"27","Minnesota","2019","4.0","",,"Female"
"27","Minnesota","2020","7.1","",,"Male"
"27","Minnesota","2020","4.5","",,"Female"
"28","Mississippi","2011","5.0","",,"Male"
"28","Mississippi","2011","3.3","",,"Female"
"28","Mississippi","2012","5.8","",,"Male"
"28","Mississippi","2012","3.1","",,"Female"
"28","Mississippi","2013","4.7","",,"Male"
"28","Mississippi","2013","2.9","",,"Female"
"28","Mississippi","2014","4.4","",,"Male"
"28","Mississippi","2014","3.9","",,"Female"
"28","Mississippi","2015","5.1","",,"Male"
"28","Mississippi","2015","2.9","",,"Female"
"28","Mississippi","2016","5.2","",,"Male"
"28","Mississippi","2016","3.4","",,"Female"
"28","Mississippi","2017","4.1","",,"Male"
"28","Mississippi","2017","3.9","",,"Female"
"28","Mississippi","2018","4.9","",,"Male"
"28","Mississippi","2018","3.2","",,"Female"
"28","Mississippi","2019","5.1","",,"Male"
"28","Mississippi","2019","4.0","",,"Female"
"28","Mississippi","2020","5.0","",,"Male"
"28","Mississippi","2020","4.1","",,"Female"
"29","Missouri","2011","5.2","",,"Male"
"29","Missouri","2011","3.6","",,"Female"
"29","Missouri","2012","5.3","",,"Male"
"29","Missouri","2012","3.5","",,"Female"
"29","Missouri","2013","5.4","",,"Male"
"29","Missouri","2013","3.7","",,"Female"
"29","Missouri","2014","5.9","",,"Male"
"29","Missouri","2014","4.1","",,"Female"
"29","Missouri","2015","5.2","",,"Male"
"29","Missouri","2015","3.5","",,"Female"
"29","Missouri","2016","5.6","",,"Male"
"29","Missouri","2016","3.9","",,"Female"
"29","Missouri","2017","5.5","",,"Male"
"29","Missouri","2017","3.2","",,"Female"
"29","Missouri","2018","5.2","",,"Male"
"29","Missouri","2018","3.5","",,"Female"
"29","Missouri","2019","5.0","",,"Male"
"29","Missouri","2019","3.3","",,"Female"
"29","Missouri","2020","4.8","",,"Male"
"29","Missouri","2020","3.8","",,"Female"
"30","Montana","2011","4.7","",,"Male"
"30","Montana","2011","3.3","",,"Female"
"30","Montana","2012","5.4","",,"Male"
"30","Montana","2012","3.6","",,"Female"
"30","Montana","2013","5.4","",,"Male"
"30","Montana","2013","3.3","",,"Female"
"30","Montana","2014","4.3","",,"Male"
"30","Montana","2014","3.3","",,"Female"
"30","Montana","2015","4.7","",,"Male"
"30","Montana","2015","2.7","",,"Female"
"30","Montana","2016","4.2","",,"Male"
"30","Montana","2016","3.2","",,"Female"
"30","Montana","2017","3.5","",,"Male"
"30","Montana","2017","3.2","",,"Female"
"30","Montana","2018","5.3","",,"Male"
"30","Montana","2018","Suppressed","",,"Female"
"30","Montana","2019","3.8","",,"Male"
"30","Montana","2019","Suppressed","",,"Female"
"30","Montana","2020","3.5","",,"Male"
"30","Montana","2020","2.6","",,"Female"
"31","Nebraska","2011","5.0","",,"Male"
"31","Nebraska","2011","3.0","",,"Female"
"31","Nebraska","2012","5.2","",,"Male"
"31","Nebraska","2012","3.9","",,"Female"
"31","Nebraska","2013","5.9","",,"Male"
"31","Nebraska","2013","4.8","",,"Female"
"31","Nebraska","2014","6.1","",,"Male"
"31","Nebraska","2014","4.0","",,"Female"
"31","Nebraska","2015","4.4","",,"Male"
"31","Nebraska","2015","3.5","",,"Female"
"31","Nebraska","2016","6.8","",,"Male"
"31","Nebraska","2016","4.1","",,"Female"
"31","Nebraska","2017","4.6","",,"Male"
"31","Nebraska","2017","3.3","",,"Female"
"31","Nebraska","2018","5.9","",,"Male"
"31","Nebraska","2018","4.1","",,"Female"
"31","Nebraska","2019","5.7","",,"Male"
"31","Nebraska","2019","3.9","",,"Female"
"31","Nebraska","2020","4.6","",,"Male"
"31","Nebraska","2020","3.6","",,"Female"
"32","Nevada","2011","4.4","",,"Male"
"32","Nevada","2011","3.4","",,"Female"
"32","Nevada","2012","3.8","",,"Male"
"32","Nevada","2012","2.9","",,"Female"
"32","Nevada","2013","6.5","",,"Male"
"32","Nevada","2013","3.5","",,"Female"
"32","Nevada","2014","4.5","",,"Male"
"32","Nevada","2014","2.9","",,"Female"
"32","Nevada","2015","4.5","",,"Male"
"32","Nevada","2015","2.8","",,"Female"
"32","Nevada","2016","3.7","",,"Male"
"32","Nevada","2016","2.9","",,"Female"
"32","Nevada","2017","4.1","",,"Male"
"32","Nevada","2017","3.3","",,"Female"
"32","Nevada","2018","5.1","",,"Male"
"32","Nevada","2018","2.6","",,"Female"
"32","Nevada","2019","4.6","",,"Male"
"32","Nevada","2019","3.2","",,"Female"
"33","New Hampshire","2011","6.0","",,"Male"
"33","New Hampshire","2011","3.2","",,"Female"
"33","New Hampshire","2012","5.3","",,"Male"
"33","New Hampshire","2012","3.7","",,"Female"
"33","New Hampshire","2013","4.8","",,"Male"
"33","New Hampshire","2013","2.5","",,"Female"
"33","New Hampshire","2014","5.7","",,"Male"
"33","New Hampshire","2014","3.5","",,"Female"
"33","New Hampshire","2015","4.3","",,"Male"
"33","New Hampshire","2015","2.5","",,"Female"
"33","New Hampshire","2016","5.3","",,"Male"
"33","New Hampshire","2016","4.4","",,"Female"
"33","New Hampshire","2017","5.4","",,"Male"
"33","New Hampshire","2017","3.4","",,"Female"
"33","New Hampshire","2018","5.4","",,"Male"
"33","New Hampshire","2018","3.3","",,"Female"
"33","New Hampshire","2019","6.0","",,"Male"
"33","New Hampshire","2019","3.2","",,"Female"
"33","New Hampshire","2020","5.7","",,"Male"
"33","New Hampshire","2020","3.3","",,"Female"
"34","New Jersey","2011","5.5","",,"Male"
"34","New Jersey","2011","4.1","",,"Female"
"34","New Jersey","2012","5.3","",,"Male"
"34","New Jersey","2012","3.5","",,"Female"
"34","New Jersey","2013","5.0","",,"Male"
"34","New Jersey","2013","3.1","",,"Female"
"34","New Jersey","2014","5.5","",,"Male"
"34","New Jersey","2014","4.3","",,"Female"
"34","New Jersey","2015","5.4","",,"Male"
"34","New Jersey","2015","3.4","",,"Female"
"34","New Jersey","2016","5.6","",,"Male"
"34","New Jersey","2016","3.6","",,"Female"
"34","New Jersey","2017","5.3","",,"Male"
"34","New Jersey","2017","3.9","",,"Female"
"34","New Jersey","2018","5.3","",,"Male"
"34","New Jersey","2018","3.8","",,"Female"
"34","New Jersey","2019","5.1","",,"Male"
"34","New Jersey","2019","3.2","",,"Female"
"34","New Jersey","2020","5.2","",,"Male"
"34","New Jersey","2020","3.8","",,"Female"
"35","New Mexico","2011","4.3","",,"Male"
"35","New Mexico","2011","2.7","",,"Female"
"35","New Mexico","2012","4.1","",,"Male"
"35","New Mexico","2012","3.4","",,"Female"
"35","New Mexico","2013","3.9","",,"Male"
"35","New Mexico","2013","3.6","",,"Female"
"35","New Mexico","2014","3.7","",,"Male"
"35","New Mexico","2014","4.1","",,"Female"
"35","New Mexico","2015","3.8","",,"Male"
"35","New Mexico","2015","2.9","",,"Female"
"35","New Mexico","2016","5.2","",,"Male"
"35","New Mexico","2016","3.3","",,"Female"
"35","New Mexico","2017","5.2","",,"Male"
"35","New Mexico","2017","3.3","",,"Female"
"35","New Mexico","2018","4.1","",,"Male"
"35","New Mexico","2018","3.0","",,"Female"
"35","New Mexico","2019","4.2","",,"Male"
"35","New Mexico","2019","2.1","",,"Female"
"35","New Mexico","2020","4.0","",,"Male"
"35","New Mexico","2020","2.5","",,"Female"
"36","New York","2011","5.4","",,"Male"
"36","New York","2011","3.5","",,"Female"
"36","New York","2012","5.5","",,"Male"
"36","New York","2012","3.4","",,"Female"
"36","New York","2013","5.9","",,"Male"
"36","New York","2013","4.0","",,"Female"
"36","New York","2014","5.9","",,"Male"
"36","New York","2014","4.1","",,"Female"
"36","New York","2015","5.7","",,"Male"
"36","New York","2015","3.9","",,"Female"
"36","New York","2016","5.9","",,"Male"
"36","New York","2016","3.7","",,"Female"
"36","New York","2017","5.9","",,"Male"
"36","New York","2017","3.6","",,"Female"
"36","New York","2018","5.7","",,"Male"
"36","New York","2018","4.1","",,"Female"
"36","New York","2019","5.4","",,"Male"
"36","New York","2019","3.5","",,"Female"
"36","New York","2020","5.0","",,"Male"
"36","New York","2020","3.5","",,"Female"
"37","North Carolina","2011","4.9","",,"Male"
"37","North Carolina","2011","3.2","",,"Female"
"37","North Carolina","2012","5.4","",,"Male"
"37","North Carolina","2012","3.0","",,"Female"
"37","North Carolina","2013","5.0","",,"Male"
"37","North Carolina","2013","3.3","",,"Female"
"37","North Carolina","2014","5.2","",,"Male"
"37","North Carolina","2014","3.7","",,"Female"
"37","North Carolina","2015","5.3","",,"Male"
"37","North Carolina","2015","3.4","",,"Female"
"37","North Carolina","2016","5.5","",,"Male"
"37","North Carolina","2016","3.7","",,"Female"
"37","North Carolina","2017","5.3","",,"Male"
"37","North Carolina","2017","3.2","",,"Female"
"37","North Carolina","2018","5.3","",,"Male"
"37","North Carolina","2018","3.1","",,"Female"
"37","North Carolina","2019","5.5","",,"Male"
"37","North Carolina","2019","3.4","",,"Female"
"37","North Carolina","2020","5.0","",,"Male"
"37","North Carolina","2020","3.6","",,"Female"
"38","North Dakota","2011","5.5","",,"Male"
"38","North Dakota","2011","Suppressed","",,"Female"
"38","North Dakota","2012","4.9","",,"Male"
"38","North Dakota","2012","Suppressed","Unstable",,"Female"
"38","North Dakota","2013","7.5","",,"Male"
"38","North Dakota","2013","Suppressed","Unstable",,"Female"
"38","North Dakota","2014","4.4","",,"Male"
"38","North Dakota","2014","3.6","",,"Female"
"38","North Dakota","2015","4.4","",,"Male"
"38","North Dakota","2015","6.1","",,"Female"
"38","North Dakota","2016","Suppressed","",,"Male"
"38","North Dakota","2016","Suppressed","",,"Female"
"38","North Dakota","2017","Suppressed","",,"Male"
"38","North Dakota","2017","3.9","",,"Female"
"38","North Dakota","2018","5.1","",,"Male"
"38","North Dakota","2018","3.7","",,"Female"
"38","North Dakota","2019","5.5","",,"Male"
"38","North Dakota","2019","4.9","",,"Female"
"38","North Dakota","2020","5.3","",,"Male"
"38","North Dakota","2020","Suppressed","",,"Female"
"39","Ohio","2011","4.5","",,"Male"
"39","Ohio","2011","3.7","",,"Female"
"39","Ohio","2012","4.6","",,"Male"
"39","Ohio","2012","3.3","",,"Female"
"39","Ohio","2013","5.0","",,"Male"
"39","Ohio","2013","3.3","",,"Female"
"39","Ohio","2014","5.7","",,"Male"
"39","Ohio","2014","3.7","",,"Female"
"39","Ohio","2015","4.8","",,"Male"
"39","Ohio","2015","3.7","",,"Female"
"39","Ohio","2016","4.7","",,"Male"
"39","Ohio","2016","3.2","",,"Female"
"39","Ohio","2017","5.1","",,"Male"
"39","Ohio","2017","3.3","",,"Female"
"39","Ohio","2018","5.2","",,"Male"
"39","Ohio","2018","3.7","",,"Female"
"39","Ohio","2019","5.0","",,"Male"
"39","Ohio","2019","3.8","",,"Female"
"39","Ohio","2020","5.0","",,"Male"
"39","Ohio","2020","3.7","",,"Female"
"40","Oklahoma","2011","4.9","",,"Male"
"40","Oklahoma","2011","3.5","",,"Female"
"40","Oklahoma","2012","4.7","",,"Male"
"40","Oklahoma","2012","3.5","",,"Female"
"40","Oklahoma","2013","5.7","",,"Male"
"40","Oklahoma","2013","2.9","",,"Female"
"40","Oklahoma","2014","5.9","",,"Male"
"40","Oklahoma","2014","4.2","",,"Female"
"40","Oklahoma","2015","5.3","",,"Male"
"40","Oklahoma","2015","3.7","",,"Female"
"40","Oklahoma","2016","4.4","",,"Male"
"40","Oklahoma","2016","3.5","",,"Female"
"40","Oklahoma","2017","4.8","",,"Male"
"40","Oklahoma","2017","3.3","",,"Female"
"40","Oklahoma","2018","5.0","",,"Male"
"40","Oklahoma","2018","3.3","",,"Female"
"40","Oklahoma","2019","5.1","",,"Male"
"40","Oklahoma","2019","3.3","",,"Female"
"40","Oklahoma","2020","4.5","",,"Male"
"40","Oklahoma","2020","2.9","",,"Female"
"41","Oregon","2011","5.5","",,"Male"
"41","Oregon","2011","3.7","",,"Female"
"41","Oregon","2012","5.6","",,"Male"
"41","Oregon","2012","2.8","",,"Female"
"41","Oregon","2013","6.5","",,"Male"
"41","Oregon","2013","3.0","",,"Female"
"41","Oregon","2014","4.7","",,"Male"
"41","Oregon","2014","3.5","",,"Female"
"41","Oregon","2015","4.6","",,"Male"
"41","Oregon","2015","3.5","",,"Female"
"41","Oregon","2016","5.5","",,"Male"
"41","Oregon","2016","3.6","",,"Female"
"41","Oregon","2017","5.0","",,"Male"
"41","Oregon","2017","3.8","",,"Female"
"41","Oregon","2018","4.9","",,"Male"
"41","Oregon","2018","3.4","",,"Female"
"41","Oregon","2019","4.8","",,"Male"
"41","Oregon","2019","3.3","",,"Female"
"41","Oregon","2020","4.3","",,"Male"
"41","Oregon","2020","2.9","",,"Female"
"42","Pennsylvania","2011","6.0","",,"Male"
"42","Pennsylvania","2011","4.7","",,"Female"
"42","Pennsylvania","2012","5.3","",,"Male"
"42","Pennsylvania","2012","3.7","",,"Female"
"42","Pennsylvania","2013","5.5","",,"Male"
"42","Pennsylvania","2013","4.2","",,"Female"
"42","Pennsylvania","2014","5.8","",,"Male"
"42","Pennsylvania","2014","3.9","",,"Female"
"42","Pennsylvania","2015","6.2","",,"Male"
"42","Pennsylvania","2015","3.7","",,"Female"
"42","Pennsylvania","2016","5.6","",,"Male"
"42","Pennsylvania","2016","3.6","",,"Female"
"42","Pennsylvania","2017","5.5","",,"Male"
"42","Pennsylvania","2017","4.0","",,"Female"
"42","Pennsylvania","2018","5.8","",,"Male"
"42","Pennsylvania","2018","3.7","",,"Female"
"42","Pennsylvania","2019","6.1","",,"Male"
"42","Pennsylvania","2019","3.9","",,"Female"
"42","Pennsylvania","2020","5.1","",,"Male"
"42","Pennsylvania","2020","3.6","",,"Female"
"44","Rhode Island","2011","5.2","",,"Male"
"44","Rhode Island","2011","4.1","",,"Female"
"44","Rhode Island","2012","4.9","",,"Male"
"44","Rhode Island","2012","3.2","",,"Female"
"44","Rhode Island","2013","4.9","",,"Male"
"44","Rhode Island","2013","5.2","",,"Female"
"44","Rhode Island","2014","4.2","",,"Male"
"44","Rhode Island","2014","3.5","",,"Female"
"44","Rhode Island","2015","4.0","",,"Male"
"44","Rhode Island","2015","3.0","",,"Female"
"44","Rhode Island","2016","6.4","",,"Male"
"44","Rhode Island","2016","3.3","",,"Female"
"44","Rhode Island","2017","6.0","",,"Male"
"44","Rhode Island","2017","2.7","",,"Female"
"44","Rhode Island","2018","7.7","",,"Male"
"44","Rhode Island","2018","3.2","",,"Female"
"44","Rhode Island","2019","5.4","",,"Male"
"44","Rhode Island","2019","4.5","",,"Female"
"44","Rhode Island","2020","5.7","",,"Male"
"44","Rhode Island","2020","4.1","",,"Female"
"45","South Carolina","2011","5.5","",,"Male"
"45","South Carolina","2011","3.3","",,"Female"
"45","South Carolina","2012","4.7","",,"Male"
"45","South Carolina","2012","3.8","",,"Female"
"45","South Carolina","2013","5.9","",,"Male"
"45","South Carolina","2013","3.4","",,"Female"
"45","South Carolina","2014","5.7","",,"Male"
"45","South Carolina","2014","3.3","",,"Female"
"45","South Carolina","2015","5.2","",,"Male"
"45","South Carolina","2015","3.2","",,"Female"
"45","South Carolina","2016","5.1","",,"Male"
"45","South Carolina","2016","3.1","",,"Female"
"45","South Carolina","2017","4.4","",,"Male"
"45","South Carolina","2017","3.4","",,"Female"
"45","South Carolina","2018","4.8","",,"Male"
"45","South Carolina","2018","2.5","",,"Female"
"45","South Carolina","2019","4.4","",,"Male"
"45","South Carolina","2019","3.5","",,"Female"
"45","South Carolina","2020","4.4","",,"Male"
"45","South Carolina","2020","3.0","",,"Female"
"46","South Dakota","2011","6.9","",,"Male"
"46","South Dakota","2011","4.1","",,"Female"
"46","South Dakota","2012","6.8","",,"Male"
"46","South Dakota","2012","3.4","",,"Female"
"46","South Dakota","2013","6.4","",,"Male"
"46","South Dakota","2013","4.0","",,"Female"
"46","South Dakota","2014","4.6","",,"Male"
"46","South Dakota","2014","4.1","",,"Female"
"46","South Dakota","2015","4.7","",,"Male"
"46","South Dakota","2015","5.3","",,"Female"
"46","South Dakota","2016","7.2","",,"Male"
"46","South Dakota","2016","Suppressed","",,"Female"
"46","South Dakota","2017","3.7","",,"Male"
"46","South Dakota","2017","5.8","",,"Female"
"46","South Dakota","2018","6.2","",,"Male"
"46","South Dakota","2018","3.6","",,"Female"
"46","South Dakota","2019","5.2","",,"Male"
"46","South Dakota","2019","5.7","",,"Female"
"46","South Dakota","2020","7.9","",,"Male"
"46","South Dakota","2020","4.6","",,"Female"
"47","Tennessee","2011","5.1","",,"Male"
"47","Tennessee","2011","3.7","",,"Female"
"47","Tennessee","2012","5.4","",,"Male"
"47","Tennessee","2012","3.2","",,"Female"
"47","Tennessee","2013","4.8","",,"Male"
"47","Tennessee","2013","3.7","",,"Female"
"47","Tennessee","2014","5.4","",,"Male"
"47","Tennessee","2014","3.5","",,"Female"
"47","Tennessee","2015","5.6","",,"Male"
"47","Tennessee","2015","3.2","",,"Female"
"47","Tennessee","2016","5.6","",,"Male"
"47","Tennessee","2016","3.0","",,"Female"
"47","Tennessee","2017","4.7","",,"Male"
"47","Tennessee","2017","3.8","",,"Female"
"47","Tennessee","2018","4.7","",,"Male"
"47","Tennessee","2018","2.8","",,"Female"
"47","Tennessee","2019","4.2","",,"Male"
"47","Tennessee","2019","3.3","",,"Female"
"47","Tennessee","2020","5.1","",,"Male"
"47","Tennessee","2020","3.6","",,"Female"
"48","Texas","2011","4.2","",,"Male"
"48","Texas","2011","3.0","",,"Female"
"48","Texas","2012","4.6","",,"Male"
"48","Texas","2012","3.1","",,"Female"
"48","Texas","2013","4.3","",,"Male"
"48","Texas","2013","2.9","",,"Female"
"48","Texas","2014","4.5","",,"Male"
"48","Texas","2014","3.0","",,"Female"
"48","Texas","2015","4.5","",,"Male"
"48","Texas","2015","3.0","",,"Female"
"48","Texas","2016","4.5","",,"Male"
"48","Texas","2016","3.0","",,"Female"
"48","Texas","2017","4.5","",,"Male"
"48","Texas","2017","3.1","",,"Female"
"48","Texas","2018","4.4","",,"Male"
"48","Texas","2018","3.5","",,"Female"
"48","Texas","2019","4.6","",,"Male"
"48","Texas","2019","3.2","",,"Female"
"48","Texas","2020","4.7","",,"Male"
"48","Texas","2020","2.9","",,"Female"
"49","Utah","2011","3.9","",,"Male"
"49","Utah","2011","3.1","",,"Female"
"49","Utah","2012","4.7","",,"Male"
"49","Utah","2012","3.5","",,"Female"
"49","Utah","2013","5.3","",,"Male"
"49","Utah","2013","4.5","",,"Female"
"49","Utah","2014","4.8","",,"Male"
"49","Utah","2014","3.7","",,"Female"
"49","Utah","2015","5.0","",,"Male"
"49","Utah","2015","2.7","",,"Female"
"49","Utah","2016","5.3","",,"Male"
"49","Utah","2016","2.6","",,"Female"
"49","Utah","2017","5.9","",,"Male"
"49","Utah","2017","4.1","",,"Female"
"49","Utah","2018","5.2","",,"Male"
"49","Utah","2018","3.9","",,"Female"
"49","Utah","2019","5.4","",,"Male"
"49","Utah","2019","3.2","",,"Female"
"49","Utah","2020","5.6","",,"Male"
"49","Utah","2020","3.9","",,"Female"
"50","Vermont","2011","Suppressed","",,"Male"
"50","Vermont","2011","Suppressed","",,"Female"
"50","Vermont","2012","5.2","",,"Male"
"50","Vermont","2012","Suppressed","",,"Female"
"50","Vermont","2013","6.8","",,"Male"
"50","Vermont","2013","Suppressed","",,"Female"
"50","Vermont","2014","4.6","",,"Male"
"50","Vermont","2014","4.3","",,"Female"
"50","Vermont","2015","6.2","",,"Male"
"50","Vermont","2015","Suppressed","",,"Female"
"50","Vermont","2016","4.5","",,"Male"
"50","Vermont","2016","Suppressed","",,"Female"
"50","Vermont","2017","Suppressed","Unstable",,"Male"
"50","Vermont","2017","Suppressed","Unstable",,"Female"
"50","Vermont","2018","6.1","",,"Male"
"50","Vermont","2018","3.9","",,"Female"
"50","Vermont","2019","4.2","",,"Male"
"50","Vermont","2019","Suppressed","",,"Female"
"50","Vermont","2020","3.9","",,"Male"
"50","Vermont","2020","4.8","",,"Female"
"51","Virginia","2011","4.7","",,"Male"
"51","Virginia","2011","2.9","",,"Female"
"51","Virginia","2012","4.9","",,"Male"
"51","Virginia","2012","3.1","",,"Female"
"51","Virginia","2013","4.6","",,"Male"
"51","Virginia","2013","3.3","",,"Female"
"51","Virginia","2014","4.1","",,"Male"
"51","Virginia","2014","3.2","",,"Female"
"51","Virginia","2015","4.0","",,"Male"
"51","Virginia","2015","3.5","",,"Female"
"51","Virginia","2016","4.4","",,"Male"
"51","Virginia","2016","3.3","",,"Female"
"51","Virginia","2017","4.1","",,"Male"
"51","Virginia","2017","3.6","",,"Female"
"51","Virginia","2018","4.6","",,"Male"
"51","Virginia","2018","3.4","",,"Female"
"51","Virginia","2019","5.5","",,"Male"
"51","Virginia","2019","3.1","",,"Female"
"51","Virginia","2020","4.8","",,"Male"
"51","Virginia","2020","3.2","",,"Female"
"53","Washington","2011","6.0","",,"Male"
"53","Washington","2011","3.3","",,"Female"
"53","Washington","2012","5.4","",,"Male"
"53","Washington","2012","3.9","",,"Female"
"53","Washington","2013","5.5","",,"Male"
"53","Washington","2013","3.8","",,"Female"
"53","Washington","2014","5.3","",,"Male"
"53","Washington","2014","3.5","",,"Female"
"53","Washington","2015","5.2","",,"Male"
"53","Washington","2015","3.5","",,"Female"
"53","Washington","2016","4.6","",,"Male"
"53","Washington","2016","3.7","",,"Female"
"53","Washington","2017","4.9","",,"Male"
"53","Washington","2017","3.8","",,"Female"
"53","Washington","2018","5.1","",,"Male"
"53","Washington","2018","3.4","",,"Female"
"53","Washington","2019","4.8","",,"Male"
"53","Washington","2019","3.8","",,"Female"
"53","Washington","2020","4.9","",,"Male"
"53","Washington","2020","3.5","",,"Female"
"54","West Virginia","2011","6.2","",,"Male"
"54","West Virginia","2011","4.0","",,"Female"
"54","West Virginia","2012","4.4","",,"Male"
"54","West Virginia","2012","3.0","",,"Female"
"54","West Virginia","2013","6.1","",,"Male"
"54","West Virginia","2013","4.0","",,"Female"
"54","West Virginia","2014","5.0","",,"Male"
"54","West Virginia","2014","5.2","",,"Female"
"54","West Virginia","2015","5.7","",,"Male"
"54","West Virginia","2015","3.6","",,"Female"
"54","West Virginia","2016","5.4","",,"Male"
"54","West Virginia","2016","4.7","",,"Female"
"54","West Virginia","2017","6.2","",,"Male"
"54","West Virginia","2017","4.7","",,"Female"
"54","West Virginia","2018","6.0","",,"Male"
"54","West Virginia","2018","3.9","",,"Female"
"54","West Virginia","2019","3.3","",,"Male"
"54","West Virginia","2019","4.8","",,"Female"
"54","West Virginia","2020","5.5","",,"Male"
"54","West Virginia","2020","4.9","",,"Female"
"55","Wisconsin","2011","5.3","",,"Male"
"55","Wisconsin","2011","3.6","",,"Female"
"55","Wisconsin","2012","6.2","",,"Male"
"55","Wisconsin","2012","4.0","",,"Female"
"55","Wisconsin","2013","6.2","",,"Male"
"55","Wisconsin","2013","4.2","",,"Female"
"55","Wisconsin","2014","6.4","",,"Male"
"55","Wisconsin","2014","3.5","",,"Female"
"55","Wisconsin","2015","5.2","",,"Male"
"55","Wisconsin","2015","4.0","",,"Female"
"55","Wisconsin","2016","5.5","",,"Male"
"55","Wisconsin","2016","3.5","",,"Female"
"55","Wisconsin","2017","5.1","",,"Male"
"55","Wisconsin","2017","3.5","",,"Female"
"55","Wisconsin","2018","6.1","",,"Male"
"55","Wisconsin","2018","4.0","",,"Female"
"55","Wisconsin","2019","5.2","",,"Male"
"55","Wisconsin","2019","4.7","",,"Female"
"55","Wisconsin","2020","6.0","",,"Male"
"55","Wisconsin","2020","4.2","",,"Female"
"56","Wyoming","2011","7.4","",,"Male"
"56","Wyoming","2011","Suppressed","Unstable",,"Female"
"56","Wyoming","2012","Suppressed","",,"Male"
"56","Wyoming","2012","Suppressed","",,"Female"
"56","Wyoming","2013","5.6","",,"Male"
"56","Wyoming","2013","Suppressed","Unstable",,"Female"
"56","Wyoming","2014","Suppressed","",,"Male"
"56","Wyoming","2014","Suppressed","Unstable",,"Female"
"56","Wyoming","2015","Suppressed","",,"Male"
"56","Wyoming","2015","Suppressed","",,"Female"
"56","Wyoming","2016","5.8","",,"Male"
"56","Wyoming","2016","Suppressed","",,"Female"
"56","Wyoming","2017","Suppressed","",,"Male"
"56","Wyoming","2017","Suppressed","Unstable",,"Female"
"56","Wyoming","2018","5.4","",,"Male"
"56","Wyoming","2018","Suppressed","",,"Female"
"56","Wyoming","2019","5.6","",,"Male"
"56","Wyoming","2019","4.5","",,"Female"
"56","Wyoming","2020","Suppressed","",,"Male"
"56","Wyoming","2020","Suppressed","Unstable",,"Female"
"72","Puerto Rico","2011","No Data","Unstable",,"Male"
"72","Puerto Rico","2011","No Data","Unstable",,"Female"
"72","Puerto Rico","2012","No Data","Unstable",,"Male"
"72","Puerto Rico","2012","No Data","Unstable",,"Female"
"72","Puerto Rico","2013","No Data","Unstable",,"Male"
"72","Puerto Rico","2013","No Data","Unstable",,"Female"
"72","Puerto Rico","2014","No Data","Unstable",,"Male"
"72","Puerto Rico","2014","No Data","Unstable",,"Female"
"72","Puerto Rico","2015","No Data","Unstable",,"Male"
"72","Puerto Rico","2015","No Data","Unstable",,"Female"
"72","Puerto Rico","2016","No Data","Unstable",,"Male"
"72","Puerto Rico","2016","No Data","Unstable",,"Female"
"72","Puerto Rico","2017","No Data","Unstable",,"Male"
"72","Puerto Rico","2017","No Data","Unstable",,"Female"
"72","Puerto Rico","2018","No Data","Unstable",,"Male"
"72","Puerto Rico","2018","No Data","Unstable",,"Female"
"72","Puerto Rico","2019","No Data","Unstable",,"Male"
"72","Puerto Rico","2019","No Data","Unstable",,"Female"
"72","Puerto Rico","2020","No Data","Unstable",,"Male"
"72","Puerto Rico","2020","No Data","Unstable",,"Female"
